{
  "i18n/i18n.properties": 1762608209083,
  "controller/Log.controller.js": 1762665342645,
  "controller/uploadView.controller.js": 1762666512887,
  "model/models.js": 1762608209083,
  "controller/App.controller.js": 1762608209079,
  "manifest.json": 1762608209083,
  "Component.js": 1762608209079,
  "controller/Log-dbg.controller.js": 1762665342645,
  "controller/Log.controller.js.map": 1762666655763,
  "controller/uploadView-dbg.controller.js": 1762666512887,
  "controller/uploadView.controller.js.map": 1762666655776,
  "model/models-dbg.js": 1762608209083,
  "model/models.js.map": 1762666655750,
  "controller/App-dbg.controller.js": 1762608209079,
  "controller/App.controller.js.map": 1762666655751,
  "Component-dbg.js": 1762608209079,
  "Component.js.map": 1762666655753,
  "Component-preload.js": 1762666655897,
  "Component-preload.js.map": 1762666655897,
  "view/uploadView.view.xml": 1762608209095,
  "view/Log.view.xml": 1762665005547,
  "view/App.view.xml": 1762608209095,
  "css/style.css": 1762608209079,
  "index.html": 1762608209083
}