{
  "view/App.view.xml": 1762608209095,
  "controller/uploadView.controller.js": 1762614139185,
  "model/models.js": 1762608209083,
  "controller/Log.controller.js": 1762608209079,
  "controller/App.controller.js": 1762608209079,
  "manifest.json": 1762608209083,
  "Component.js": 1762608209079,
  "controller/App-dbg.controller.js": 1762608209079,
  "controller/App.controller.js.map": 1762614332706,
  "model/models-dbg.js": 1762608209083,
  "model/models.js.map": 1762614332708,
  "controller/Log-dbg.controller.js": 1762608209079,
  "controller/Log.controller.js.map": 1762614332718,
  "controller/uploadView-dbg.controller.js": 1762614139185,
  "controller/uploadView.controller.js.map": 1762614332730,
  "Component-dbg.js": 1762608209079,
  "Component.js.map": 1762614332709,
  "Component-preload.js": 1762614332822,
  "Component-preload.js.map": 1762614332822,
  "view/uploadView.view.xml": 1762608209095,
  "view/Log.view.xml": 1762608209095,
  "i18n/i18n.properties": 1762608209083,
  "css/style.css": 1762608209079,
  "index.html": 1762608209083
}