{
  "index.html": 1762608209083,
  "model/models.js": 1762608209083,
  "controller/uploadView.controller.js": 1762608209079,
  "controller/Log.controller.js": 1762608209079,
  "controller/App.controller.js": 1762608209079,
  "manifest.json": 1762608209083,
  "Component.js": 1762608209079,
  "Component-dbg.js": 1762608209079,
  "Component.js.map": 1762608438138,
  "controller/uploadView-dbg.controller.js": 1762608209079,
  "controller/uploadView.controller.js.map": 1762608438160,
  "controller/Log-dbg.controller.js": 1762608209079,
  "controller/Log.controller.js.map": 1762608438149,
  "controller/App-dbg.controller.js": 1762608209079,
  "controller/App.controller.js.map": 1762608438136,
  "model/models-dbg.js": 1762608209083,
  "model/models.js.map": 1762608438139,
  "Component-preload.js": 1762608438254,
  "Component-preload.js.map": 1762608438255,
  "view/uploadView.view.xml": 1762608209095,
  "view/Log.view.xml": 1762608209095,
  "view/App.view.xml": 1762608209095,
  "css/style.css": 1762608209079,
  "i18n/i18n.properties": 1762608209083
}