{
  "Component.js.map": 1762665465708,
  "manifest.json": 1762608209083,
  "controller/uploadView.controller.js": 1762614139185,
  "controller/Log.controller.js": 1762665342645,
  "controller/App.controller.js": 1762608209079,
  "model/models.js": 1762608209083,
  "Component.js": 1762608209079,
  "controller/uploadView-dbg.controller.js": 1762614139185,
  "controller/uploadView.controller.js.map": 1762665465729,
  "controller/Log-dbg.controller.js": 1762665342645,
  "controller/Log.controller.js.map": 1762665465715,
  "controller/App-dbg.controller.js": 1762608209079,
  "controller/App.controller.js.map": 1762665465695,
  "model/models-dbg.js": 1762608209083,
  "model/models.js.map": 1762665465695,
  "Component-dbg.js": 1762608209079,
  "i18n/i18n.properties": 1762608209083,
  "Component-preload.js": 1762665465820,
  "Component-preload.js.map": 1762665465820,
  "view/uploadView.view.xml": 1762608209095,
  "view/Log.view.xml": 1762665005547,
  "view/App.view.xml": 1762608209095,
  "css/style.css": 1762608209079,
  "index.html": 1762608209083
}